type,label,title,description,image,image_title,intro,section_title,paragraph,list_item
blog,Making Friends,Mastering Virtual Friendships: Connect Authentically in 2025,Learn how to build genuine friendships in virtual spaces with these practical tips for 2025.,https://res.cloudinary.com/dj8tkuzxz/image/upload/v1749290589/iyaebszrqi8vqq13afim.png,Virtual Connection Image,Virtual friendships are thriving in 2025 thanks to advanced video platforms and immersive online communities. Here’s how to connect authentically in the digital world.,,,
content_section,,,,,,Embrace Video-Based Interactions,,,
content_paragraph,,,,,,Embrace Video-Based Interactions,Video platforms in 2025 make it easier than ever to form meaningful bonds. Face-to-face interactions,even virtual ones,help build trust and rapport.
content_listItem,,,,,,Embrace Video-Based Interactions,,<strong>Use high-quality video platforms:</strong> Apps like Buzzly offer clear,lag-free video for better conversations.
content_listItem,,,,,,Embrace Video-Based Interactions,,<strong>Engage with genuine interest:</strong> Ask questions and share stories to build rapport.,
content_listItem,,,,,,Embrace Video-Based Interactions,,<strong>Respect time zones:</strong> Coordinate schedules to make virtual meetups convenient.,
content_listItem,,,,,,Embrace Video-Based Interactions,,<strong>Send thoughtful messages:</strong> A quick note or meme can brighten someone’s day.,
content_section,,,,,,Join Niche Online Communities,,,
content_paragraph,,,,,,Join Niche Online Communities,Finding like-minded individuals is key to forming lasting friendships. In 2025,niche online communities cater to every interest,from AI art to sustainable living.
content_listItem,,,,,,Join Niche Online Communities,,<strong>Explore niche platforms:</strong> Join communities on platforms like Discord or Reddit tailored to your passions.,
content_listItem,,,,,,Join Niche Online Communities,,<strong>Participate actively:</strong> Share your thoughts and contribute to discussions to stand out.,
content_listItem,,,,,,Join Niche Online Communities,,<strong>Follow community guidelines:</strong> Respect the rules to foster a positive environment.,
content_section,,,,,,Stay Consistent in Your Connections,,,
content_paragraph,,,,,,Stay Consistent in Your Connections,Consistency is the glue that holds virtual friendships together. Regular check-ins and thoughtful gestures keep connections strong.,,
blog,Safety,Safe Socializing: Protecting Your Privacy in 2025’s Digital World,Discover essential privacy tips for safe socializing on online platforms in 2025.,https://res.cloudinary.com/dj8tkuzxz/image/upload/v1749290589/bw4xc0ai5mab5acylbf7.png,Online Safety Image,As online socializing grows in 2025,protecting your privacy is more important than ever. These tips will help you stay safe while making new connections.,,
content_section,,,,,,Limit Personal Information Sharing,,,
content_paragraph,,,,,,Limit Personal Information Sharing,Sharing too much personal information can expose you to risks. In 2025,smart privacy practices are essential for safe socializing.,
content_listItem,,,,,,Limit Personal Information Sharing,,<strong>Use pseudonyms:</strong> Protect your identity with a nickname on platforms like Buzzly.,
content_listItem,,,,,,Limit Personal Information Sharing,,<strong>Avoid oversharing:</strong> Keep personal details like your workplace or home address private.,
content_listItem,,,,,,Limit Personal Information Sharing,,<strong>Review privacy settings:</strong> Adjust platform settings to control who sees your profile.,
content_section,,,,,,Use Secure Communication Tools,,,
content_paragraph,,,,,,Use Secure Communication Tools,Secure tools ensure your conversations remain private. In 2025,platforms with robust security features are the best choice.,
content_listItem,,,,,,Use Secure Communication Tools,,<strong>Choose encrypted platforms:</strong> Opt for apps with end-to-end encryption for video and text chats.,
content_listItem,,,,,,Use Secure Communication Tools,,<strong>Verify platform safety:</strong> Research platforms to ensure they prioritize user security.,
content_listItem,,,,,,Use Secure Communication Tools,,<strong>Update passwords regularly:</strong> Use strong,unique passwords for each platform.
content_section,,,,,,Recognize Red Flags,,,
content_paragraph,,,,,,Recognize Red Flags,Trusting your instincts can prevent unsafe interactions. Knowing what to watch for keeps you protected.,,
content_listItem,,,,,,Recognize Red Flags,,<strong>Watch for pushy behavior:</strong> Be cautious of anyone pressuring you to share more than you’re comfortable with.,
blog,Conversation Topics,Engaging Virtual Conversations: Top Topics for 2025,Explore trending conversation starters to spark meaningful virtual discussions in 2025.,https://res.cloudinary.com/dj8tkuzxz/image/upload/v1749290588/jdlpyjc9dhtzrtyrhmvg.png,Virtual Chat Image,Virtual conversations in 2025 are dynamic and engaging,thanks to new tech and trends. Here are top topics to keep your chats lively and meaningful.,,
content_section,,,,,,Discuss Emerging Tech Trends,,,
content_paragraph,,,,,,Discuss Emerging Tech Trends,Tech is evolving fast in 2025 and it’s a great topic to connect with others. From AI to VR,there’s plenty to talk about.,
content_listItem,,,,,,Discuss Emerging Tech Trends,,<strong>AI advancements:</strong> “Have you tried any new AI tools this year?”,
content_listItem,,,,,,Discuss Emerging Tech Trends,,<strong>Virtual reality:</strong> “What’s the coolest VR experience you’ve had?”,
content_listItem,,,,,,Discuss Emerging Tech Trends,,<strong>Sustainability tech:</strong> “Are you into eco-friendly innovations?”,
content_section,,,,,,Share Virtual Event Experiences,,,
content_paragraph,,,,,,Share Virtual Event Experiences,Virtual events,from concerts to workshops,are a big part of 2025’s social scene. Sharing experiences can spark great conversations.
content_listItem,,,,,,Share Virtual Event Experiences,,<strong>Virtual concerts:</strong> “Have you attended any VR music events this year?”,
content_listItem,,,,,,Share Virtual Event Experiences,,<strong>Online workshops:</strong> “What’s a new skill you’ve learned online?”,
content_listItem,,,,,,Share Virtual Event Experiences,,<strong>Gaming events:</strong> “Have you joined any esports tournaments?”,
content_section,,,,,,Ask About Future Goals,,,
content_paragraph,,,,,,Ask About Future Goals,Talking about aspirations creates deeper connections. In 2025,people love discussing their plans for the future.,
content_paragraph,,,,,,Ask About Future Goals,Try asking,“What’s one tech trend you’re excited about for 2025?” to kick off an engaging chat.,
content_listItem,,,,,,Ask About Future Goals,,<strong>Career aspirations:</strong> “What’s a big goal you’re working toward?”,
content_listItem,,,,,,Ask About Future Goals,,<strong>Travel plans:</strong> “Any dream destinations for 2025?”,